Net Asset Value,Repurchase Price,Sale Price,NAV date
35.671,,,12-Jun-19
35.6967,,,13-Jun-19
35.4199,,,14-Jun-19
34.8617,,,17-Jun-19
34.9679,,,18-Jun-19
34.8405,,,19-Jun-19
35.4176,,,20-Jun-19
35.2035,,,21-Jun-19
35.1884,,,24-Jun-19
35.485,,,25-Jun-19
35.7518,,,26-Jun-19
35.9242,,,27-Jun-19
35.9039,,,28-Jun-19
35.9832,,,01-Jul-19
36.0013,,,02-Jul-19
36.1176,,,03-Jul-19
36.2449,,,04-Jul-19
35.7635,,,05-Jul-19
34.8801,,,08-Jul-19
35.128,,,09-Jul-19
34.7812,,,10-Jul-19
35.1079,,,11-Jul-19
35.1222,,,12-Jul-19
34.9779,,,15-Jul-19
35.3258,,,16-Jul-19
35.3762,,,17-Jul-19
34.8568,,,18-Jul-19
34.3057,,,19-Jul-19
34.2838,,,22-Jul-19
34.1459,,,23-Jul-19
33.791,,,24-Jul-19
33.7742,,,25-Jul-19
33.9265,,,26-Jul-19
33.5609,,,29-Jul-19
32.9941,,,30-Jul-19
33.2956,,,31-Jul-19
32.6758,,,01-Aug-19
32.5016,,,02-Aug-19
32.0871,,,05-Aug-19
32.4313,,,06-Aug-19
31.9151,,,07-Aug-19
32.3232,,,08-Aug-19
32.4004,,,09-Aug-19
31.6614,,,13-Aug-19
32.0206,,,14-Aug-19
32.1043,,,16-Aug-19
32.1299,,,19-Aug-19
31.9209,,,20-Aug-19
31.448,,,21-Aug-19
30.8897,,,22-Aug-19
31.1466,,,23-Aug-19
31.7247,,,26-Aug-19
32.0265,,,27-Aug-19
31.7714,,,28-Aug-19
31.4616,,,29-Aug-19
31.6629,,,30-Aug-19
31.068,,,03-Sep-19
31.278,,,04-Sep-19
31.452,,,05-Sep-19
31.7047,,,06-Sep-19
31.9469,,,09-Sep-19
32.2055,,,11-Sep-19
32.132,,,12-Sep-19
32.4214,,,13-Sep-19
32.1794,,,16-Sep-19
31.424,,,17-Sep-19
31.5937,,,18-Sep-19
31.1712,,,19-Sep-19
33.0687,,,20-Sep-19
34.4455,,,23-Sep-19
34.204,,,24-Sep-19
33.4759,,,25-Sep-19
33.9826,,,26-Sep-19
33.8111,,,27-Sep-19
33.6215,,,30-Sep-19
33.1809,,,01-Oct-19
33.1805,,,03-Oct-19
32.7009,,,04-Oct-19
32.4149,,,07-Oct-19
33.0413,,,09-Oct-19
32.6372,,,10-Oct-19
32.8272,,,11-Oct-19
32.932,,,14-Oct-19
33.118,,,15-Oct-19
33.1556,,,16-Oct-19
33.6085,,,17-Oct-19
33.863,,,18-Oct-19
33.7804,,,22-Oct-19
33.8526,,,23-Oct-19
33.5344,,,24-Oct-19
33.7254,,,25-Oct-19
34.5236,,,29-Oct-19
34.8075,,,30-Oct-19
35.0435,,,31-Oct-19
35.1126,,,01-Nov-19
35.232,,,04-Nov-19
35.0717,,,05-Nov-19
35.1916,,,06-Nov-19
35.1455,,,07-Nov-19
34.7049,,,08-Nov-19
34.8755,,,11-Nov-19
34.5285,,,13-Nov-19
34.5009,,,14-Nov-19
34.7341,,,15-Nov-19
34.929,,,18-Nov-19
35.1856,,,19-Nov-19
35.3279,,,20-Nov-19
35.1466,,,21-Nov-19
34.9966,,,22-Nov-19
35.4785,,,25-Nov-19
35.3106,,,26-Nov-19
35.4703,,,27-Nov-19
35.6331,,,28-Nov-19
35.3877,,,29-Nov-19
35.2953,,,02-Dec-19
34.9931,,,03-Dec-19
35.2396,,,04-Dec-19
34.9972,,,05-Dec-19
34.5526,,,06-Dec-19
34.5774,,,09-Dec-19
34.2812,,,10-Dec-19
34.3883,,,11-Dec-19
34.7489,,,12-Dec-19
35.2676,,,13-Dec-19
35.1234,,,16-Dec-19
35.5569,,,17-Dec-19
35.5122,,,18-Dec-19
35.5833,,,19-Dec-19
35.6998,,,20-Dec-19
35.621,,,23-Dec-19
35.5024,,,24-Dec-19
35.2878,,,26-Dec-19
35.7847,,,27-Dec-19
35.8482,,,30-Dec-19
35.6796,,,31-Dec-19
35.6858,,,01-Jan-20
36.1377,,,02-Jan-20
35.9707,,,03-Jan-20
35.1556,,,06-Jan-20
35.2545,,,07-Jan-20
35.1369,,,08-Jan-20
35.7708,,,09-Jan-20
35.9135,,,10-Jan-20
36.1089,,,13-Jan-20
36.2281,,,14-Jan-20
36.1964,,,15-Jan-20
36.1977,,,16-Jan-20
36.212,,,17-Jan-20
35.9759,,,20-Jan-20
35.7883,,,21-Jan-20
35.6279,,,22-Jan-20
35.998,,,23-Jan-20
36.2147,,,24-Jan-20
35.8096,,,27-Jan-20
35.6106,,,28-Jan-20
35.8465,,,29-Jan-20
35.5893,,,30-Jan-20
35.3477,,,31-Jan-20
34.1539,,,03-Feb-20
34.9771,,,04-Feb-20
35.5603,,,05-Feb-20
35.8854,,,06-Feb-20
35.8841,,,07-Feb-20
35.5148,,,10-Feb-20
35.8368,,,11-Feb-20
35.789,,,12-Feb-20
35.7482,,,13-Feb-20
35.5101,,,14-Feb-20
35.2044,,,17-Feb-20
35.0939,,,18-Feb-20
35.3972,,,19-Feb-20
35.5293,,,20-Feb-20
34.7607,,,24-Feb-20
34.5919,,,25-Feb-20
34.2166,,,26-Feb-20
34.0115,,,27-Feb-20
32.816,,,28-Feb-20
32.4,,,02-Mar-20
32.9352,,,03-Mar-20
32.605,,,04-Mar-20
32.6535,,,05-Mar-20
31.8089,,,06-Mar-20
30.3971,,,09-Mar-20
30.0294,,,11-Mar-20
27.324,,,12-Mar-20
28.6686,,,13-Mar-20
26.7768,,,16-Mar-20
26.1828,,,17-Mar-20
25.0542,,,18-Mar-20
24.2778,,,19-Mar-20
25.2847,,,20-Mar-20
22.0079,,,23-Mar-20
22.3603,,,24-Mar-20
23.2978,,,25-Mar-20
24.1566,,,26-Mar-20
24.0591,,,27-Mar-20
23.1793,,,30-Mar-20
24.166,,,31-Mar-20
23.2848,,,01-Apr-20
23.2848,,,01-Apr-20
22.8692,,,03-Apr-20
22.8692,,,03-Apr-20
24.4772,,,07-Apr-20
24.4772,,,07-Apr-20
24.5687,,,08-Apr-20
24.5687,,,08-Apr-20
25.5052,,,09-Apr-20
25.5052,,,09-Apr-20
25.4085,,,13-Apr-20
25.4085,,,13-Apr-20
25.4891,,,15-Apr-20
25.4891,,,15-Apr-20
25.7897,,,16-Apr-20
25.7897,,,16-Apr-20
26.4845,,,17-Apr-20
26.4845,,,17-Apr-20
26.5161,,,20-Apr-20
26.5161,,,20-Apr-20
25.6429,,,21-Apr-20
25.6429,,,21-Apr-20
25.8695,,,22-Apr-20
25.8695,,,22-Apr-20
25.9908,,,23-Apr-20
25.9908,,,23-Apr-20
25.5198,,,24-Apr-20
25.5198,,,24-Apr-20
25.7229,,,27-Apr-20
25.7229,,,27-Apr-20
25.8437,,,28-Apr-20
25.8437,,,28-Apr-20
26.3482,,,29-Apr-20
26.3482,,,29-Apr-20
27.2413,,,30-Apr-20
27.2413,,,30-Apr-20
25.7606,,,04-May-20
25.7606,,,04-May-20
25.4368,,,05-May-20
25.4368,,,05-May-20
25.4466,,,06-May-20
25.4466,,,06-May-20
25.1706,,,07-May-20
25.1706,,,07-May-20
25.0515,,,08-May-20
25.0515,,,08-May-20
25.019,,,11-May-20
25.019,,,11-May-20
25.0705,,,12-May-20
25.0705,,,12-May-20
25.6262,,,13-May-20
25.6262,,,13-May-20
25.1229,,,14-May-20
25.1229,,,14-May-20
25.0589,,,15-May-20
25.0589,,,15-May-20
24.03,,,18-May-20
24.03,,,18-May-20
24.1565,,,19-May-20
24.1565,,,19-May-20
24.6121,,,20-May-20
24.6121,,,20-May-20
24.8915,,,21-May-20
24.8915,,,21-May-20
24.5797,,,22-May-20
24.5797,,,22-May-20
24.533,,,26-May-20
24.533,,,26-May-20
25.1708,,,27-May-20
25.1708,,,27-May-20
25.6333,,,28-May-20
25.6333,,,28-May-20
26.0371,,,29-May-20
26.0371,,,29-May-20
26.7905,,,01-Jun-20
26.7905,,,01-Jun-20
27.0025,,,02-Jun-20
27.0025,,,02-Jun-20
27.1698,,,03-Jun-20
27.1698,,,03-Jun-20
27.216,,,04-Jun-20
27.216,,,04-Jun-20
27.9799,,,05-Jun-20
27.9799,,,05-Jun-20
28.2665,,,08-Jun-20
28.2665,,,08-Jun-20
27.8542,,,09-Jun-20
27.8542,,,09-Jun-20
27.8878,,,10-Jun-20
27.8878,,,10-Jun-20
27.1995,,,11-Jun-20
27.1995,,,11-Jun-20
27.3605,,,12-Jun-20
27.3605,,,12-Jun-20
26.8806,,,15-Jun-20
26.8806,,,15-Jun-20
26.8902,,,16-Jun-20
26.8902,,,16-Jun-20
26.8787,,,17-Jun-20
26.8787,,,17-Jun-20
27.4483,,,18-Jun-20
27.4483,,,18-Jun-20
27.9161,,,19-Jun-20
27.9161,,,19-Jun-20
28.3219,,,22-Jun-20
28.3219,,,22-Jun-20
28.7247,,,23-Jun-20
28.7247,,,23-Jun-20
28.1865,,,24-Jun-20
28.1865,,,24-Jun-20
28.1928,,,25-Jun-20
28.1928,,,25-Jun-20
28.419,,,26-Jun-20
27.912,,,29-Jun-20
27.8402,,,30-Jun-20
28.2203,,,01-Jul-20
28.4574,,,02-Jul-20
28.6297,,,03-Jul-20
29.0234,,,06-Jul-20
29.0538,,,07-Jul-20
28.9102,,,08-Jul-20
29.1162,,,09-Jul-20
28.9337,,,10-Jul-20
29.0231,,,13-Jul-20
28.5233,,,14-Jul-20
28.4215,,,15-Jul-20
28.7312,,,16-Jul-20
29.2392,,,17-Jul-20
29.4783,,,20-Jul-20
29.8427,,,21-Jul-20
29.8283,,,22-Jul-20
30.1086,,,23-Jul-20
29.8875,,,24-Jul-20
29.592,,,27-Jul-20
29.803,,,28-Jul-20
29.6885,,,29-Jul-20
29.3042,,,30-Jul-20
29.3464,,,31-Jul-20
29.1296,,,03-Aug-20
29.4463,,,04-Aug-20
29.5552,,,05-Aug-20
29.7854,,,06-Aug-20
29.897,,,07-Aug-20
30.2841,,,10-Aug-20
30.5196,,,11-Aug-20
30.6572,,,12-Aug-20
30.9772,,,13-Aug-20
30.5852,,,14-Aug-20
30.7245,,,17-Aug-20
31.0789,,,18-Aug-20
31.2353,,,19-Aug-20
31.297,,,20-Aug-20
31.5364,,,21-Aug-20
31.7019,,,24-Aug-20
31.819,,,25-Aug-20
31.9718,,,26-Aug-20
32.0535,,,27-Aug-20
32.4048,,,28-Aug-20
31.402,,,31-Aug-20
31.6164,,,01-Sep-20
31.8502,,,02-Sep-20
31.73,,,03-Sep-20
31.0172,,,04-Sep-20
31.0201,,,07-Sep-20
30.6521,,,08-Sep-20
30.3842,,,09-Sep-20
30.7552,,,10-Sep-20
30.7839,,,11-Sep-20
30.942,,,14-Sep-20
31.1942,,,15-Sep-20
31.2717,,,16-Sep-20
31.0142,,,17-Sep-20
30.9945,,,18-Sep-20
30.0656,,,21-Sep-20
29.8676,,,22-Sep-20
29.5833,,,23-Sep-20
28.6263,,,24-Sep-20
29.4147,,,25-Sep-20
29.9853,,,28-Sep-20
29.7494,,,29-Sep-20
29.5947,,,30-Sep-20
29.9999,,,01-Oct-20
30.2368,,,05-Oct-20
30.4268,,,06-Oct-20
30.4104,,,07-Oct-20
30.533,,,08-Oct-20
30.8276,,,09-Oct-20
30.7688,,,12-Oct-20
30.7109,,,13-Oct-20
30.7365,,,14-Oct-20
30.0128,,,15-Oct-20
30.3453,,,16-Oct-20
30.7381,,,19-Oct-20
30.7919,,,20-Oct-20
31.0472,,,21-Oct-20
31.1174,,,22-Oct-20
31.3329,,,23-Oct-20
30.7599,,,26-Oct-20
30.891,,,27-Oct-20
30.5254,,,28-Oct-20
30.3244,,,29-Oct-20
30.2957,,,30-Oct-20
30.576,,,02-Nov-20
30.9221,,,03-Nov-20
31.099,,,04-Nov-20
31.7689,,,05-Nov-20
32.0292,,,06-Nov-20
32.619,,,09-Nov-20
33.1405,,,10-Nov-20
33.5186,,,11-Nov-20
33.3749,,,12-Nov-20
33.4928,,,13-Nov-20
34.1061,,,17-Nov-20
34.3379,,,18-Nov-20
33.8921,,,19-Nov-20
34.0513,,,20-Nov-20
34.1112,,,23-Nov-20
34.4151,,,24-Nov-20
33.9274,,,25-Nov-20
34.3325,,,26-Nov-20
34.2934,,,27-Nov-20
34.7773,,,01-Dec-20
34.9945,,,02-Dec-20
35.2527,,,03-Dec-20
35.6472,,,04-Dec-20
36.1223,,,07-Dec-20
36.1518,,,08-Dec-20
36.3873,,,09-Dec-20
36.2195,,,10-Dec-20
36.3888,,,11-Dec-20
36.657,,,14-Dec-20
36.5682,,,15-Dec-20
36.8664,,,16-Dec-20
36.9102,,,17-Dec-20
36.989,,,18-Dec-20
35.4793,,,21-Dec-20
35.8976,,,22-Dec-20
36.5168,,,23-Dec-20
36.94,,,24-Dec-20
37.2229,,,28-Dec-20
37.3534,,,29-Dec-20
37.3942,,,30-Dec-20
37.4308,,,31-Dec-20
37.6344,,,01-Jan-21
38.1749,,,04-Jan-21
38.2751,,,05-Jan-21
38.2382,,,06-Jan-21
38.4275,,,07-Jan-21
38.7926,,,08-Jan-21
39.0855,,,11-Jan-21
39.4451,,,12-Jan-21
39.7578,,,13-Jan-21
39.8108,,,14-Jan-21
39.4208,,,15-Jan-21
38.8954,,,18-Jan-21
39.4398,,,19-Jan-21
39.7613,,,20-Jan-21
39.4527,,,21-Jan-21
38.8981,,,22-Jan-21
38.4615,,,25-Jan-21
37.7323,,,27-Jan-21
37.5308,,,28-Jan-21
37.1754,,,29-Jan-21
38.9301,,,01-Feb-21
39.9013,,,02-Feb-21
40.333,,,03-Feb-21
40.7282,,,04-Feb-21
40.9714,,,05-Feb-21
41.525,,,08-Feb-21
41.5075,,,09-Feb-21
41.4269,,,10-Feb-21
41.6198,,,11-Feb-21
41.5333,,,12-Feb-21
42.0132,,,15-Feb-21
41.951,,,16-Feb-21
42.0261,,,17-Feb-21
42.1176,,,18-Feb-21
41.5222,,,19-Feb-21
40.7071,,,22-Feb-21
41.0087,,,23-Feb-21
41.7947,,,24-Feb-21
42.314,,,25-Feb-21
41.055,,,26-Feb-21
41.5338,,,01-Mar-21
41.9931,,,02-Mar-21
42.807,,,03-Mar-21
42.3945,,,04-Mar-21
41.7324,,,05-Mar-21
42.1074,,,08-Mar-21
42.0449,,,09-Mar-21
42.2585,,,10-Mar-21
41.8585,,,12-Mar-21
41.6648,,,15-Mar-21
41.5618,,,16-Mar-21
40.8112,,,17-Mar-21
40.2576,,,18-Mar-21
40.7037,,,19-Mar-21
40.7267,,,22-Mar-21
40.8672,,,23-Mar-21
39.9969,,,24-Mar-21
39.4211,,,25-Mar-21
39.984,,,26-Mar-21
40.7068,,,30-Mar-21
40.5222,,,31-Mar-21
41.1314,,,01-Apr-21
40.4525,,,05-Apr-21
40.5105,,,06-Apr-21
40.8849,,,07-Apr-21
40.9081,,,08-Apr-21
40.7663,,,09-Apr-21
39.0296,,,12-Apr-21
39.593,,,13-Apr-21
39.744,,,15-Apr-21
39.8549,,,16-Apr-21
39.1117,,,19-Apr-21
39.0563,,,20-Apr-21
39.406,,,22-Apr-21
39.3698,,,23-Apr-21
39.7678,,,26-Apr-21
40.2809,,,27-Apr-21
40.8175,,,28-Apr-21
40.771,,,29-Apr-21
40.296,,,30-Apr-21
40.4162,,,03-May-21
40.1021,,,04-May-21
40.4738,,,05-May-21
40.7322,,,06-May-21
41.0732,,,07-May-21
41.4659,,,10-May-21
41.4947,,,11-May-21
41.157,,,12-May-21
40.9284,,,14-May-21
41.5893,,,17-May-21
41.9588,,,18-May-21
41.8808,,,19-May-21
41.5908,,,20-May-21
42.3733,,,21-May-21
42.6023,,,24-May-21
42.6537,,,25-May-21
42.807,,,26-May-21
42.98,,,27-May-21
43.0744,,,28-May-21
43.5485,,,31-May-21
43.5081,,,01-Jun-21
43.647,,,02-Jun-21
43.8845,,,03-Jun-21
43.87,,,04-Jun-21
44.1076,,,07-Jun-21
44.0927,,,08-Jun-21
43.8717,,,09-Jun-21
44.2513,,,10-Jun-21
44.3379,,,11-Jun-21
44.3703,,,14-Jun-21
44.5419,,,15-Jun-21
44.2958,,,16-Jun-21
43.9878,,,17-Jun-21
43.8034,,,18-Jun-21
44.0548,,,21-Jun-21
44.1358,,,22-Jun-21
43.8581,,,23-Jun-21
44.1249,,,24-Jun-21
44.5398,,,25-Jun-21
44.3881,,,28-Jun-21
44.2692,,,29-Jun-21
44.2018,,,30-Jun-21
44.0943,,,01-Jul-21
44.2457,,,02-Jul-21
44.6133,,,05-Jul-21
44.5303,,,06-Jul-21
44.7959,,,07-Jul-21
44.3853,,,08-Jul-21
44.3302,,,09-Jul-21
44.3011,,,12-Jul-21
44.6722,,,13-Jul-21
44.8091,,,14-Jul-21
45.031,,,15-Jul-21
45.0424,,,16-Jul-21
44.681,,,19-Jul-21
44.0646,,,20-Jul-21
44.5981,,,22-Jul-21
44.758,,,23-Jul-21
44.8256,,,26-Jul-21
44.7293,,,27-Jul-21
44.7719,,,28-Jul-21
45.1446,,,29-Jul-21
45.1018,,,30-Jul-21
45.3261,,,02-Aug-21
45.9736,,,03-Aug-21
46.1628,,,04-Aug-21
46.2267,,,05-Aug-21
46.0206,,,06-Aug-21
45.9151,,,09-Aug-21
45.8566,,,10-Aug-21
45.99,,,11-Aug-21
46.3347,,,12-Aug-21
46.7766,,,13-Aug-21
46.8268,,,16-Aug-21
46.8162,,,17-Aug-21
46.6596,,,18-Aug-21
46.0609,,,20-Aug-21
46.1849,,,23-Aug-21
46.599,,,24-Aug-21
46.7066,,,25-Aug-21
46.6616,,,26-Aug-21
46.9473,,,27-Aug-21
47.6564,,,30-Aug-21
48.2613,,,31-Aug-21
48.248,,,01-Sep-21
48.643,,,02-Sep-21
48.7631,,,03-Sep-21
48.8047,,,06-Sep-21
48.7547,,,07-Sep-21
48.8223,,,08-Sep-21
49.0387,,,09-Sep-21
49.002,,,13-Sep-21
49.1195,,,14-Sep-21
49.7549,,,15-Sep-21
50.0833,,,16-Sep-21
49.7602,,,17-Sep-21
49.2272,,,20-Sep-21
49.6329,,,21-Sep-21
49.8687,,,22-Sep-21
50.562,,,23-Sep-21
50.4465,,,24-Sep-21
50.5507,,,27-Sep-21
50.1365,,,28-Sep-21
50.3312,,,29-Sep-21
50.22,,,30-Sep-21
50.005,,,01-Oct-21
50.7033,,,04-Oct-21
51.1556,,,05-Oct-21
50.5278,,,06-Oct-21
51.0234,,,07-Oct-21
51.2311,,,08-Oct-21
51.5236,,,11-Oct-21
51.5693,,,12-Oct-21
52.0996,,,13-Oct-21
52.6416,,,14-Oct-21
52.808,,,18-Oct-21
52.2947,,,19-Oct-21
52.1583,,,20-Oct-21
52.023,,,21-Oct-21
51.7755,,,22-Oct-21
51.7394,,,25-Oct-21
52.1214,,,26-Oct-21
52.0063,,,27-Oct-21
50.9647,,,28-Oct-21
50.4826,,,29-Oct-21
51.496,,,01-Nov-21
51.5533,,,02-Nov-21
51.4257,,,03-Nov-21
52.1688,,,08-Nov-21
52.3273,,,09-Nov-21
52.2513,,,10-Nov-21
51.8493,,,11-Nov-21
52.4171,,,12-Nov-21
52.2905,,,15-Nov-21
51.8474,,,16-Nov-21
51.6105,,,17-Nov-21
51.0595,,,18-Nov-21
49.9953,,,22-Nov-21
50.6019,,,23-Nov-21
50.4891,,,24-Nov-21
50.7457,,,25-Nov-21
48.9821,,,26-Nov-21
48.7776,,,29-Nov-21
48.6618,,,30-Nov-21
49.2241,,,01-Dec-21
49.7201,,,02-Dec-21
49.3816,,,03-Dec-21
48.6078,,,06-Dec-21
49.4042,,,07-Dec-21
50.2844,,,08-Dec-21
50.4473,,,09-Dec-21
50.4491,,,10-Dec-21
50.187,,,13-Dec-21
50.0245,,,14-Dec-21
49.7568,,,15-Dec-21
49.6299,,,16-Dec-21
48.77,,,17-Dec-21
47.5322,,,20-Dec-21
48.0336,,,21-Dec-21
48.6141,,,22-Dec-21
48.8375,,,23-Dec-21
48.6086,,,24-Dec-21
48.7171,,,27-Dec-21
49.2094,,,28-Dec-21
49.1086,,,29-Dec-21
49.0768,,,30-Dec-21
49.5461,,,31-Dec-21
50.2717,,,03-Jan-22
50.7476,,,04-Jan-22
50.9615,,,05-Jan-22
50.6694,,,06-Jan-22
50.7185,,,07-Jan-22
51.3199,,,10-Jan-22
51.5372,,,11-Jan-22
52.1291,,,12-Jan-22
52.25,,,13-Jan-22
52.319,,,14-Jan-22
52.2508,,,17-Jan-22
51.6558,,,18-Jan-22
51.3755,,,19-Jan-22
51.0305,,,20-Jan-22
50.4887,,,21-Jan-22
49.0912,,,24-Jan-22
49.9318,,,25-Jan-22
49.6003,,,27-Jan-22
49.6674,,,28-Jan-22
50.5609,,,31-Jan-22
51.1395,,,01-Feb-22
51.7172,,,02-Feb-22
51.2948,,,03-Feb-22
51.068,,,04-Feb-22
50.3304,,,07-Feb-22
50.3329,,,08-Feb-22
50.8236,,,09-Feb-22
51.1674,,,10-Feb-22
50.4062,,,11-Feb-22
48.6269,,,14-Feb-22
50.0818,,,15-Feb-22
49.9719,,,16-Feb-22
49.905,,,17-Feb-22
49.8084,,,18-Feb-22
49.6113,,,21-Feb-22
49.0945,,,22-Feb-22
49.0273,,,23-Feb-22
46.624,,,24-Feb-22
47.9284,,,25-Feb-22
48.1112,,,28-Feb-22
47.5292,,,02-Mar-22
47.3058,,,03-Mar-22
46.6274,,,04-Mar-22
45.6059,,,07-Mar-22
46.2395,,,08-Mar-22
47.2121,,,09-Mar-22
47.7691,,,10-Mar-22
47.9051,,,11-Mar-22
48.5932,,,14-Mar-22
48.1403,,,15-Mar-22
49.0415,,,16-Mar-22
49.7349,,,17-Mar-22
49.2308,,,21-Mar-22
49.7945,,,22-Mar-22
49.7697,,,23-Mar-22
49.7476,,,24-Mar-22
49.6501,,,25-Mar-22
49.8969,,,28-Mar-22
50.2834,,,29-Mar-22
50.7411,,,30-Mar-22
50.6816,,,31-Mar-22
51.3768,,,01-Apr-22
52.4008,,,04-Apr-22
52.1701,,,05-Apr-22
52.0616,,,06-Apr-22
51.7203,,,07-Apr-22
52.1425,,,08-Apr-22
51.8143,,,11-Apr-22
51.3187,,,12-Apr-22
51.2788,,,13-Apr-22
50.4185,,,18-Apr-22
49.6787,,,19-Apr-22
49.8701,,,20-Apr-22
50.5151,,,21-Apr-22
49.9908,,,22-Apr-22
49.2375,,,25-Apr-22
49.8888,,,26-Apr-22
49.5337,,,27-Apr-22
50.1706,,,28-Apr-22
49.7875,,,29-Apr-22
49.7345,,,02-May-22
48.5674,,,04-May-22
48.7034,,,05-May-22
48.0458,,,06-May-22
47.6682,,,09-May-22
47.3866,,,10-May-22
47.1498,,,11-May-22
46.2466,,,12-May-22
46.1254,,,13-May-22
46.3704,,,16-May-22
47.5459,,,17-May-22
47.2916,,,18-May-22
46.1048,,,19-May-22
47.3256,,,20-May-22
47.1593,,,23-May-22
46.9764,,,24-May-22
46.6019,,,25-May-22
47.1177,,,26-May-22
47.7408,,,27-May-22
48.7667,,,30-May-22
48.7188,,,31-May-22
48.7021,,,01-Jun-22
48.8124,,,02-Jun-22
48.5318,,,03-Jun-22
48.4,,,06-Jun-22
48.048,,,07-Jun-22
47.9933,,,08-Jun-22
48.1612,,,09-Jun-22
47.5206,,,10-Jun-22
46.2485,,,13-Jun-22
46.1984,,,14-Jun-22
46.2042,,,15-Jun-22
45.1605,,,16-Jun-22
44.9799,,,17-Jun-22
44.9401,,,20-Jun-22
46.0552,,,21-Jun-22
45.4036,,,22-Jun-22
45.943,,,23-Jun-22
46.375,,,24-Jun-22
46.8307,,,27-Jun-22
47.0197,,,28-Jun-22
46.8983,,,29-Jun-22
46.756,,,30-Jun-22
46.9814,,,01-Jul-22
47.4633,,,04-Jul-22
47.4335,,,05-Jul-22
48.0054,,,06-Jul-22
48.5852,,,07-Jul-22
48.8358,,,08-Jul-22
48.8502,,,11-Jul-22
48.3844,,,12-Jul-22
48.1845,,,13-Jul-22
47.9766,,,14-Jul-22
48.2492,,,15-Jul-22
48.8958,,,18-Jul-22
49.1009,,,19-Jul-22
49.6198,,,20-Jul-22
50.0604,,,21-Jul-22
50.3059,,,22-Jul-22
50.2603,,,25-Jul-22
49.8164,,,26-Jul-22
50.3197,,,27-Jul-22
51.0749,,,28-Jul-22
51.5557,,,29-Jul-22
52.1271,,,01-Aug-22
52.1764,,,02-Aug-22
52.1686,,,03-Aug-22
52.1046,,,04-Aug-22
52.1251,,,05-Aug-22
52.5098,,,08-Aug-22
52.5275,,,10-Aug-22
53.0905,,,11-Aug-22
53.2077,,,12-Aug-22
53.7278,,,16-Aug-22
54.0783,,,17-Aug-22
54.1054,,,18-Aug-22
53.4089,,,19-Aug-22
52.663,,,22-Aug-22
52.9997,,,23-Aug-22
53.1801,,,24-Aug-22
52.996,,,25-Aug-22
53.1456,,,26-Aug-22
52.4021,,,29-Aug-22
53.6481,,,30-Aug-22
53.3969,,,01-Sep-22
53.6075,,,02-Sep-22
54.0435,,,05-Sep-22
53.9334,,,06-Sep-22
53.9402,,,07-Sep-22
54.3312,,,08-Sep-22
54.4064,,,09-Sep-22
54.6793,,,12-Sep-22
55.1273,,,13-Sep-22
55.081,,,14-Sep-22
54.9451,,,15-Sep-22
53.7677,,,16-Sep-22
54.0445,,,19-Sep-22
54.6388,,,20-Sep-22
54.4628,,,21-Sep-22
54.2589,,,22-Sep-22
53.3003,,,23-Sep-22
52.1482,,,26-Sep-22
52.2165,,,27-Sep-22
51.6947,,,28-Sep-22
51.7564,,,29-Sep-22
52.6061,,,30-Sep-22
52.1478,,,03-Oct-22
53.3185,,,04-Oct-22
53.6192,,,06-Oct-22
53.5874,,,07-Oct-22
53.2546,,,10-Oct-22
52.5418,,,11-Oct-22
53.0174,,,12-Oct-22
52.5955,,,13-Oct-22
52.9511,,,14-Oct-22
53.3028,,,17-Oct-22
53.9589,,,18-Oct-22
54.0365,,,19-Oct-22
54.0668,,,20-Oct-22
53.9397,,,21-Oct-22
54.3183,,,25-Oct-22
54.5728,,,27-Oct-22
54.4425,,,28-Oct-22
55.1343,,,31-Oct-22
55.4913,,,01-Nov-22
55.4764,,,02-Nov-22
55.3591,,,03-Nov-22
55.3716,,,04-Nov-22
55.7561,,,07-Nov-22
55.6418,,,09-Nov-22
55.1922,,,10-Nov-22
55.9811,,,11-Nov-22
55.7813,,,14-Nov-22
55.937,,,15-Nov-22
55.8564,,,16-Nov-22
55.6638,,,17-Nov-22
55.3963,,,18-Nov-22
55.0284,,,21-Nov-22
55.2892,,,22-Nov-22
55.3813,,,23-Nov-22
56.0173,,,24-Nov-22
56.2638,,,25-Nov-22
56.3627,,,28-Nov-22
56.4287,,,29-Nov-22
56.8493,,,30-Nov-22
57.0189,,,01-Dec-22
56.8001,,,02-Dec-22
56.7821,,,05-Dec-22
56.5935,,,06-Dec-22
56.5118,,,07-Dec-22
56.8,,,08-Dec-22
56.4635,,,09-Dec-22
56.6118,,,12-Dec-22
56.7855,,,13-Dec-22
57.02,,,14-Dec-22
56.3926,,,15-Dec-22
55.8812,,,16-Dec-22
56.2524,,,19-Dec-22
56.0557,,,20-Dec-22
55.3219,,,21-Dec-22
54.9299,,,22-Dec-22
53.7949,,,23-Dec-22
54.7356,,,26-Dec-22
55.119,,,27-Dec-22
55.1928,,,28-Dec-22
55.2842,,,29-Dec-22
55.1586,,,30-Dec-22
55.4536,,,02-Jan-23
55.542,,,03-Jan-23
54.9097,,,04-Jan-23
54.8724,,,05-Jan-23
54.6212,,,06-Jan-23
55.2822,,,09-Jan-23
54.89,,,10-Jan-23
54.9345,,,11-Jan-23
54.8658,,,12-Jan-23
55.0367,,,13-Jan-23
54.8238,,,16-Jan-23
55.1426,,,17-Jan-23
55.4788,,,18-Jan-23
55.4433,,,19-Jan-23
55.2821,,,20-Jan-23
55.5613,,,23-Jan-23
55.5296,,,24-Jan-23
54.6656,,,25-Jan-23
53.8991,,,27-Jan-23
53.9723,,,30-Jan-23
54.3151,,,31-Jan-23
54.3943,,,01-Feb-23
54.4309,,,02-Feb-23
54.9968,,,03-Feb-23
54.8948,,,06-Feb-23
54.7257,,,07-Feb-23
55.0905,,,08-Feb-23
55.1672,,,09-Feb-23
55.1218,,,10-Feb-23
54.8568,,,13-Feb-23
55.1849,,,14-Feb-23
55.4233,,,15-Feb-23
55.461,,,16-Feb-23
55.2408,,,17-Feb-23
55.0447,,,20-Feb-23
55.0214,,,21-Feb-23
54.226,,,22-Feb-23
54.2607,,,23-Feb-23
54.0826,,,24-Feb-23
53.8192,,,27-Feb-23
53.6383,,,28-Feb-23
54.0989,,,01-Mar-23
53.794,,,02-Mar-23
54.5341,,,03-Mar-23
54.8455,,,06-Mar-23
55.1219,,,08-Mar-23
54.7717,,,09-Mar-23
54.2781,,,10-Mar-23
53.4159,,,13-Mar-23
53.1893,,,14-Mar-23
52.957,,,15-Mar-23
53.0447,,,16-Mar-23
53.3825,,,17-Mar-23
52.9604,,,20-Mar-23
53.4031,,,21-Mar-23
53.5221,,,22-Mar-23
53.3089,,,23-Mar-23
52.842,,,24-Mar-23
52.7631,,,27-Mar-23
52.6916,,,28-Mar-23
53.1709,,,29-Mar-23
53.9927,,,31-Mar-23
54.1156,,,03-Apr-23
54.5492,,,05-Apr-23
54.6955,,,06-Apr-23
54.7556,,,10-Apr-23
54.9122,,,11-Apr-23
55.1351,,,12-Apr-23
55.1708,,,13-Apr-23
54.9843,,,17-Apr-23
54.9264,,,18-Apr-23
54.8223,,,19-Apr-23
54.8935,,,20-Apr-23
54.8633,,,21-Apr-23
55.2405,,,24-Apr-23
55.3689,,,25-Apr-23
55.6148,,,26-Apr-23
55.9279,,,27-Apr-23
56.5025,,,28-Apr-23
56.8361,,,02-May-23
56.7996,,,03-May-23
57.2746,,,04-May-23
56.8551,,,05-May-23
57.5905,,,08-May-23
57.549,,,09-May-23
57.7236,,,10-May-23
57.7497,,,11-May-23
57.8039,,,12-May-23
58.1437,,,15-May-23
58.025,,,16-May-23
57.8647,,,17-May-23
57.8294,,,18-May-23
57.9212,,,19-May-23
57.9372,,,22-May-23
57.972,,,23-May-23
57.8843,,,24-May-23
58.0686,,,25-May-23
58.6834,,,26-May-23
58.9288,,,29-May-23
59.1501,,,30-May-23
59.049,,,31-May-23
59.0016,,,01-Jun-23
59.2294,,,02-Jun-23
59.4837,,,05-Jun-23
59.5744,,,06-Jun-23
60.0903,,,07-Jun-23
59.8054,,,08-Jun-23
59.6638,,,09-Jun-23
59.8254,,,12-Jun-23
60.2878,,,13-Jun-23
60.3523,,,14-Jun-23
60.1116,,,15-Jun-23
60.6159,,,16-Jun-23
60.4369,,,19-Jun-23
60.7188,,,20-Jun-23
60.7625,,,21-Jun-23
60.3043,,,22-Jun-23
59.8822,,,23-Jun-23
60.0168,,,26-Jun-23
60.4628,,,27-Jun-23
60.9766,,,28-Jun-23
61.643,,,30-Jun-23
62.0641,,,03-Jul-23
62.1275,,,04-Jul-23
62.253,,,05-Jul-23
62.5778,,,06-Jul-23
62.2245,,,07-Jul-23
62.2389,,,10-Jul-23
62.643,,,11-Jul-23
62.6786,,,12-Jul-23
62.5905,,,13-Jul-23
63.042,,,14-Jul-23
63.5268,,,17-Jul-23
63.5042,,,18-Jul-23
63.9237,,,19-Jul-23
64.3298,,,20-Jul-23
63.9177,,,21-Jul-23
63.8456,,,24-Jul-23
63.9752,,,25-Jul-23
64.2152,,,26-Jul-23
63.9899,,,27-Jul-23
64.1783,,,28-Jul-23
64.5698,,,31-Jul-23
64.5949,,,01-Aug-23
63.7462,,,02-Aug-23
63.4133,,,03-Aug-23
63.8836,,,04-Aug-23
64.0478,,,07-Aug-23
64.0538,,,08-Aug-23
64.4424,,,09-Aug-23
64.3175,,,10-Aug-23
64.1156,,,11-Aug-23
63.9109,,,14-Aug-23
64.0787,,,16-Aug-23
63.8778,,,17-Aug-23
63.7438,,,18-Aug-23
64.0595,,,21-Aug-23
64.3266,,,22-Aug-23
64.6564,,,23-Aug-23
64.5796,,,24-Aug-23
64.004,,,25-Aug-23
64.1967,,,28-Aug-23
64.3529,,,29-Aug-23
64.6096,,,30-Aug-23
64.4494,,,31-Aug-23
65.03,,,01-Sep-23
65.3451,,,04-Sep-23
65.4924,,,05-Sep-23
65.6419,,,06-Sep-23
66.1611,,,07-Sep-23
66.6106,,,08-Sep-23
67.1646,,,11-Sep-23
66.5066,,,12-Sep-23
66.6318,,,13-Sep-23
66.8459,,,14-Sep-23
67.0584,,,15-Sep-23
66.9193,,,18-Sep-23
66.2832,,,20-Sep-23
65.6197,,,21-Sep-23
65.5939,,,22-Sep-23
65.4757,,,25-Sep-23
65.5631,,,26-Sep-23
65.795,,,27-Sep-23
65.8137,,,29-Sep-23
65.7032,,,03-Oct-23
65.0869,,,04-Oct-23
65.4371,,,05-Oct-23
65.7976,,,06-Oct-23
65.1161,,,09-Oct-23
65.7766,,,10-Oct-23
66.1261,,,11-Oct-23
66.2928,,,12-Oct-23
66.0913,,,13-Oct-23
66.2001,,,16-Oct-23
66.4703,,,17-Oct-23
65.8963,,,18-Oct-23
65.7339,,,19-Oct-23
65.2631,,,20-Oct-23
64.1786,,,23-Oct-23
63.7162,,,25-Oct-23
62.9903,,,26-Oct-23
63.7342,,,27-Oct-23
63.8893,,,30-Oct-23
63.7902,,,31-Oct-23
63.5904,,,01-Nov-23
64.1607,,,02-Nov-23
64.6012,,,03-Nov-23
65.2093,,,06-Nov-23
65.2263,,,07-Nov-23
65.3759,,,08-Nov-23
65.1597,,,09-Nov-23
65.2267,,,10-Nov-23
65.4142,,,13-Nov-23
65.9252,,,15-Nov-23
66.1744,,,16-Nov-23
65.9968,,,17-Nov-23
65.9117,,,20-Nov-23
66.1261,,,21-Nov-23
66.05,,,22-Nov-23
66.0875,,,23-Nov-23
66.0876,,,24-Nov-23
66.4556,,,28-Nov-23
67.0421,,,29-Nov-23
67.2605,,,30-Nov-23
67.9274,,,01-Dec-23
69.1289,,,04-Dec-23
69.4324,,,05-Dec-23
69.8071,,,06-Dec-23
70.1056,,,07-Dec-23
70.2387,,,08-Dec-23
70.5305,,,11-Dec-23
70.3024,,,12-Dec-23
70.6757,,,13-Dec-23
71.4083,,,14-Dec-23
72.1955,,,15-Dec-23
72.2517,,,18-Dec-23
72.3524,,,19-Dec-23
70.7792,,,20-Dec-23
71.284,,,21-Dec-23
71.5595,,,22-Dec-23
71.73,,,26-Dec-23
72.3493,,,27-Dec-23
72.7496,,,28-Dec-23
72.8909,,,29-Dec-23
73.0433,,,01-Jan-24
73.015,,,02-Jan-24
72.8074,,,03-Jan-24
73.5274,,,04-Jan-24
73.6464,,,05-Jan-24
73.0178,,,08-Jan-24
73.2356,,,09-Jan-24
73.448,,,10-Jan-24
73.7063,,,11-Jan-24
74.2842,,,12-Jan-24
74.707,,,15-Jan-24
74.5307,,,16-Jan-24
73.0962,,,17-Jan-24
72.8878,,,18-Jan-24
73.6159,,,19-Jan-24
72.0265,,,23-Jan-24
72.9314,,,24-Jan-24
72.7619,,,25-Jan-24
73.9853,,,29-Jan-24
73.3509,,,30-Jan-24
74.0151,,,31-Jan-24
73.9016,,,01-Feb-24
74.2563,,,02-Feb-24
74.0309,,,05-Feb-24
74.6923,,,06-Feb-24
75.3799,,,07-Feb-24
74.9773,,,08-Feb-24
75.2347,,,09-Feb-24
74.0979,,,12-Feb-24
74.6033,,,13-Feb-24
75.1967,,,14-Feb-24
75.4784,,,15-Feb-24
75.8325,,,16-Feb-24
75.9656,,,19-Feb-24
76.2913,,,20-Feb-24
76.0161,,,21-Feb-24
76.6625,,,22-Feb-24
76.8428,,,23-Feb-24
76.661,,,26-Feb-24
76.7264,,,27-Feb-24
75.8796,,,28-Feb-24
76.2715,,,29-Feb-24
77.4627,,,01-Mar-24
77.881,,,04-Mar-24
77.8925,,,05-Mar-24
77.851,,,06-Mar-24
78.242,,,07-Mar-24
77.5044,,,11-Mar-24
77.2007,,,12-Mar-24
75.6696,,,13-Mar-24
76.2454,,,14-Mar-24
75.911,,,15-Mar-24
76.1728,,,18-Mar-24
75.4262,,,19-Mar-24
75.5965,,,20-Mar-24
76.5944,,,21-Mar-24
76.9529,,,22-Mar-24
77.0963,,,26-Mar-24
77.445,,,27-Mar-24
78.1945,,,28-Mar-24
78.1859,,,31-Mar-24
79.0111,,,01-Apr-24
79.0297,,,02-Apr-24
79.2019,,,03-Apr-24
79.4045,,,04-Apr-24
79.6573,,,05-Apr-24
80.1553,,,08-Apr-24
80.0982,,,09-Apr-24
80.3572,,,10-Apr-24
79.6519,,,12-Apr-24
78.6132,,,15-Apr-24
78.3847,,,16-Apr-24
77.9006,,,18-Apr-24
78.4604,,,19-Apr-24
79.2171,,,22-Apr-24
79.3513,,,23-Apr-24
79.4991,,,24-Apr-24
80.2961,,,25-Apr-24
79.8894,,,26-Apr-24
80.7148,,,29-Apr-24
80.7215,,,30-Apr-24
80.9278,,,02-May-24
80.3953,,,03-May-24
80.0205,,,06-May-24
79.4972,,,07-May-24
79.6293,,,08-May-24
78.2239,,,09-May-24
78.7968,,,10-May-24
78.9586,,,13-May-24
79.3673,,,14-May-24
79.556,,,15-May-24
80.3584,,,16-May-24
80.7185,,,17-May-24
81.0568,,,21-May-24
81.3784,,,22-May-24
82.3664,,,23-May-24
82.3253,,,24-May-24
82.2051,,,27-May-24
81.8703,,,28-May-24
81.1713,,,29-May-24
80.5746,,,30-May-24
80.9845,,,31-May-24
83.6755,,,03-Jun-24
78.1305,,,04-Jun-24
80.6756,,,05-Jun-24
81.5876,,,06-Jun-24
83.1511,,,07-Jun-24
